Name,APID,Type,Endian,Conversion_C0,Conversion_C1,Conversion_C2,Conversion_C3,Conversion_C4
CCSDS_Header_1_APID,1,U16,little,,,,,
CCSDS_Header_2_Seq,1,U16,little,,,,,
PKT_LEN,1,U16,little,,,,,
SHCOARSE,1,U32,big,,,,,
SHFINE,1,U16,big,,,,,
cmd_recv_count,1,U8,big,,,,,
cmd_fail_count,1,U8,big,,,,,
cmd_succ_count,1,U8,big,,,,,
cmd_succ_op,1,D8,big,,,,,
cmd_fail_op,1,D8,big,,,,,
cmd_fail_code,1,D8,big,,,,,
pwr_status,1,U8,big,,,,,
sd_read_misc,1,U32,big,,,,,
sd_read_scic,1,U32,big,,,,,
sd_read_scid,1,U32,big,,,,,
sd_read_adcs,1,U32,big,,,,,
sd_read_beacon,1,U32,big,,,,,
sd_read_log,1,U32,big,,,,,
sd_write_misc,1,U32,big,,,,,
sd_write_scic,1,U32,big,,,,,
sd_write_scid,1,U32,big,,,,,
sd_write_adcs,1,U32,big,,,,,
sd_write_beacon,1,U32,big,,,,,
sd_write_log,1,U32,big,,,,,
cmd_loss_timer,1,U32,big,,,,,
alive_flags,1,U8,big,,,,,
cip_comstat,1,U32,big,,,,,
cip_temp1,1,I16,big,0,0.0078125,0,0,0
cip_temp2,1,I16,big,0,0.0078125,0,0,0
cip_temp3,1,I16,big,0,0.0078125,0,0,0
uhf_temp,1,I6,big,,,,,
uhf_config,1,U8,big,,,,,
sband_pa_curr,1,U16,big,0,0.00004,0,0,0
sband_pa_volt,1,U16,big,0,0.00004,0,0,0
sband_rf_pwr,1,U16,big,0,0.001139,0,0,0
sband_pa_temp,1,U16,big,-50,0.073242,0,0,0
sband_top_temp,1,I16,big,0,0.0625,0,0,0
sband_bottom_temp,1,I16,big,0,0.0625,0,0,0
adcs_cmd_acpt,1,U8,big,,,,,
adcs_cmd_fail,1,U8,big,,,,,
adcs_time,1,I32,big,,,,,
adcs_info,1,U8,big,,,,,
adcs_star_temp,1,I8,big,0,0.8,0,0,0
adcs_wheel_temp1,1,I16,big,0,0.005,0,0,0
adcs_wheel_temp2,1,I16,big,0,0.005,0,0,0
adcs_wheel_temp3,1,I16,big,0,0.005,0,0,0
adcs_digi_bus_volt,1,I16,big,0,0.00125,0,0,0
adcs_sun_vec1,1,I16,big,0,0.0001,0,0,0
adcs_sun_vec2,1,I16,big,0,0.0001,0,0,0
adcs_sun_vec3,1,I16,big,0,0.0001,0,0,0
adcs_wheel_sp1,1,I16,big,0,0.4,0,0,0
adcs_wheel_sp2,1,I16,big,0,0.4,0,0,0
adcs_wheel_sp3,1,I16,big,0,0.4,0,0,0
adcs_body_rt1,1,I32,big,0,0.000000005,0,0,0
adcs_body_rt2,1,I32,big,0,0.000000005,0,0,0
adcs_body_rt3,1,I32,big,0,0.000000005,0,0,0
padding1,1,I32,big,,,,,
padding2,1,I32,big,,,,,
padding3,1,I32,big,,,,,
DAXSS Time Stamp (seconds),1,I32,big,,,,,
daxss_cmd_op,1,U8,big,,,,,
daxss_cmd_succ,1,U8,big,,,,,
daxss_cmd_fail,1,U8,big,,,,,
daxss_cdh_enables,1,U16,big,,,,,
daxss_cdh_temp,1,U16,big,0,0.003906,0,0,0
daxss_sps_rate,1,U32,big,,,,,
daxss_sps_x,1,U16,big,,,,,
daxss_sps_y,1,U16,big,,,,,
daxss_slow_count,1,U16,big,,,,,
bat_fg1,1,U16,big,0,0.003906,0,0,0
daxss_curr,1,U16,big,0,0.0005,0,0,0
daxss_volt,1,U16,big,0,0.001,0,0,0
cdh_curr,1,U16,big,0,0.0005,0,0,0
cdh_volt,1,U16,big,0,0.001,0,0,0
sband_curr,1,U16,big,0,0.0005,0,0,0
sband_volt,1,U16,big,0,0.001,0,0,0
uhf_curr,1,U16,big,0,0.0005,0,0,0
uhf_volt,1,U16,big,0,0.001,0,0,0
heater_curr,1,U16,big,0,0.0005,0,0,0
heater_volt,1,U16,big,0,0.001,0,0,0
sp2_curr,1,U16,big,0,0.0005,0,0,0
sp2_volt,1,U16,big,0,0.001,0,0,0
sp1_curr,1,U16,big,0,0.0005,0,0,0
sp1_volt,1,U16,big,0,0.001,0,0,0
sp0_curr,1,U16,big,0,0.00125,0,0,0
sp0_volt,1,U16,big,0,0.00125,0,0,0
bat_vcell,1,U16,big,,,,,
gps_12v_2_curr,1,U16,big,0,0.0005,0,0,0
gps_12v_2_volt,1,U16,big,0,0.001,0,0,0
gps_12v_1_curr,1,U16,big,0,0.0005,0,0,0
gps_12v_1_volt,1,U16,big,0,0.001,0,0,0
bat_curr,1,U16,big,0,0.0005,0,0,0
bat_volt,1,U16,big,0,0.001,0,0,0
adcs_curr,1,U16,big,0,0.0005,0,0,0
adcs_volt,1,U16,big,0,0.001,0,0,0
3p3_curr,1,U16,big,0,0.0005,0,0,0
3p3_volt,1,U16,big,0,0.001,0,0,0
cip_curr,1,U16,big,0,0.0005,0,0,0
cip_volt,1,U16,big,0,0.001,0,0,0
obc_temp,1,U16,big,91.394,-0.0894932,3.55E-05,-6.26E-09,1.89E-13
eps_temp,1,U16,big,91.394,-0.0894932,3.55E-05,-6.26E-09,1.89E-13
int_temp,1,U16,big,91.394,-0.0894932,3.55E-05,-6.26E-09,1.89E-13
sp0_temp,1,U16,big,91.394,-0.0894932,3.55E-05,-6.26E-09,1.89E-13
bat0_temp,1,U16,big,-259.74,1.471182747,3.59E-04,8.77E-08,2.14E-11
sp1_temp,1,U16,big,91.394,-0.0894932,3.55E-05,-6.26E-09,1.89E-13
bat1_temp,1,U16,big,-259.74,1.471182747,3.59E-04,8.77E-08,2.14E-11
sp2_temp,1,U16,big,91.394,-0.0894932,3.55E-05,-6.26E-09,1.89E-13
bat_fg3,1,U16,big,0,0.003906,0,0,0
bat0_temp_conv,1,F32,big,,,,,
bat1_temp_conv,1,F32,big,,,,,
mode,1,D8,big,,,,,
CCSDS_Header_1_APID,11,U16,little,,,,,
CCSDS_Header_2_Seq,11,U16,little,,,,,
PKT_LEN,11,U16,little,,,,,
SHCOARSE,11,U32,big,,,,,
SHFINE,11,U16,big,,,,,
cycle_count,11,U16,big,,,,,
over_count,11,U16,big,,,,,
isr_count,11,U16,big,,,,,
last_overrun,11,D8,big,,,,,
,11,U8,big,,,,,
back_count,11,U32,big,,,,,
back_hwm,11,U32,big,,,,,
CCSDS_Header_1_APID,14,U16,little,,,,,
CCSDS_Header_2_Seq,14,U16,little,,,,,
PKT_LEN,14,U16,little,,,,,
SHCOARSE,14,U32,big,,,,,
SHFINE,14,U16,big,,,,,
task_count,14,U32,big,,,,,
cycle_count,14,U16,big,,,,,
task_exec,14,U608,big,,,,,
task_over,14,U608,big,,,,,
task_back,14,U96,big,,,,,
CCSDS_Header_1_APID,13,U16,little,,,,,
CCSDS_Header_2_Seq,13,U16,little,,,,,
PKT_LEN,13,U16,little,,,,,
SHCOARSE,13,U32,big,,,,,
SHFINE,13,U16,big,,,,,
task_count,13,U32,big,,,,,
back_count,13,U32,big,,,,,
task_slot,13,D1600,big,,,,,
CCSDS_Header_1_APID,19,U16,little,,,,,
CCSDS_Header_2_Seq,19,U16,little,,,,,
PKT_LEN,19,U16,little,,,,,
SHCOARSE,19,U32,big,,,,,
SHFINE,19,U16,big,,,,,
CCSDS_Header_1_APID,6,U16,little,,,,,
CCSDS_Header_2_Seq,6,U16,little,,,,,
PKT_LEN,6,U16,little,,,,,
SHCOARSE,6,U32,big,,,,,
SHFINE,6,U16,big,,,,,
,6,U1024,big,,,,,
CCSDS_Header_1_APID,7,U16,little,,,,,
CCSDS_Header_2_Seq,7,U16,little,,,,,
PKT_LEN,7,U16,little,,,,,
SHCOARSE,7,U32,big,,,,,
SHFINE,7,U16,big,,,,,
task_state,7,D32,big,,,,,
resp_count,7,U32,big,,,,,
passive_count,7,U32,big,,,,,
err_count,7,U32,big,,,,,
CCSDS_Header_1_APID,9,U16,little,,,,,
CCSDS_Header_2_Seq,9,U16,little,,,,,
PKT_LEN,9,U16,little,,,,,
SHCOARSE,9,U32,big,,,,,
SHFINE,9,U16,big,,,,,
reg_err_max,9,U8,big,,,,,
reg_err_size,9,U8,big,,,,,
reg_err_dup,9,U8,big,,,,,
id_err,9,U8,big,,,,,
entry_num,9,U16,big,,,,,
entry_store,9,U16,big,,,,,
CCSDS_Header_1_APID,8,U16,little,,,,,
CCSDS_Header_2_Seq,8,U16,little,,,,,
PKT_LEN,8,U16,little,,,,,
SHCOARSE,8,U32,big,,,,,
SHFINE,8,U16,big,,,,,
unreg_err_count,8,U32,big,,,,,
invalid_err_count,8,U32,big,,,,,
check_err_count,8,U32,big,,,,,
match_err_count,8,U32,big,,,,,
read_err_count,8,U32,big,,,,,
CCSDS_Header_1_APID,5,U16,little,,,,,
CCSDS_Header_2_Seq,5,U16,little,,,,,
PKT_LEN,5,U16,little,,,,,
SHCOARSE,5,U32,big,,,,,
SHFINE,5,U16,big,,,,,
cmd_cnt,5,U32,big,,,,,
wait_time,5,U32,big,,,,,
position,5,U32,big,,,,,
buffer_id,5,U16,big,,,,,
state,5,D8,big,,,,,
stop_code,5,D8,big,,,,,
wait_type,5,D8,big,,,,,
CCSDS_Header_1_APID,60,U16,little,,,,,
CCSDS_Header_2_Seq,60,U16,little,,,,,
PKT_LEN,60,U16,little,,,,,
SHCOARSE,60,U32,big,,,,,
SHFINE,60,U16,big,,,,,
sent_count,60,U32,big,,,,,
err_count,60,U32,big,,,,,
pkt_rate,60,U1280,big,,,,,
stream_state,60,D32,big,,,,,
CCSDS_Header_1_APID,12,U16,little,,,,,
CCSDS_Header_2_Seq,12,U16,little,,,,,
PKT_LEN,12,U16,little,,,,,
SHCOARSE,12,U32,big,,,,,
SHFINE,12,U16,big,,,,,
recv_count,12,U16,big,,,,,
fmt_count,12,U16,big,,,,,
rjct_count,12,U16,big,,,,,
succ_count,12,U16,big,,,,,
succ_op,12,D8,big,,,,,
rjct_op,12,D8,big,,,,,
fail_code,12,D8,big,,,,,
,12,U8,big,,,,,
src_cnt,12,U24,big,,,,,
CCSDS_Header_1_APID,18,U16,little,,,,,
CCSDS_Header_2_Seq,18,U16,little,,,,,
PKT_LEN,18,U16,little,,,,,
SHCOARSE,18,U32,big,,,,,
SHFINE,18,U16,big,,,,,
recv_count,18,U32,big,,,,,
fmt_count,18,U32,big,,,,,
received,18,U32,big,,,,,
CCSDS_Header_1_APID,52,U16,little,,,,,
CCSDS_Header_2_Seq,52,U16,little,,,,,
PKT_LEN,52,U16,little,,,,,
SHCOARSE,52,U32,big,,,,,
SHFINE,52,U16,big,,,,,
sent_count,52,U16,big,,,,,
idle_count,52,U16,big,,,,,
control,52,U8,big,,,,,
encoder,52,U8,big,,,,,
power,52,D8,big,,,,,
synth_offset,52,U8,big,,,,,
underrun,52,U16,big,,,,,
overruns,52,U16,big,,,,,
buf_count,52,U16,big,,,,,
rf_pwr,52,U16,big,0,0.001139,0,0,0
pa_temp,52,U16,big,50,0.073242,0,0,0
bdt_temp,52,U16,big,0,0.0625,0,0,0
bdb_temp,52,U16,big,0,0.0625,0,0,0
bat_cur,52,U16,big,0,0.00004,0,0,0
bat_volt,52,U16,big,0,0.004,0,0,0
pa_curr,52,U16,big,0,0.00004,0,0,0
pa_volt,52,U16,big,0,0.004,0,0,0
version,52,U8,big,,,,,
debug,52,U8,big,,,,,
status,52,D8,big,,,,,
tx_ready,52,U8,big,,,,,
hk_valid,52,U8,big,,,,,
i2c_timeout,52,U8,big,,,,,
i2c_fail,52,U8,big,,,,,
,52,U8,big,,,,,
CCSDS_Header_1_APID,42,U16,little,,,,,
CCSDS_Header_2_Seq,42,U16,little,,,,,
PKT_LEN,42,U16,little,,,,,
SHCOARSE,42,U32,big,,,,,
SHFINE,42,U16,big,,,,,
write_cnt,42,U16,big,,,,,
read_cnt,42,U16,big,,,,,
write_state,42,D8,big,,,,,
card0_state,42,D8,big,,,,,
card1_state,42,D8,big,,,,,
card_sel,42,D8,big,,,,,
read_state,42,D8,big,,,,,
pbk_state,42,D8,big,,,,,
read_stream,42,D8,big,,,,,
read_id,42,D8,big,,,,,
read_end_time,42,U32,big,,,,,
CCSDS_Header_1_APID,40,U16,little,,,,,
CCSDS_Header_2_Seq,40,U16,little,,,,,
PKT_LEN,40,U16,little,,,,,
SHCOARSE,40,U32,big,,,,,
SHFINE,40,U16,big,,,,,
tx_count,40,U32,big,,,,,
rx_discard,40,U16,big,,,,,
sbe_count,40,U16,big,,,,,
mbe_count,40,U16,big,,,,,
pass_err_cnt,40,U16,big,,,,,
uart_recv_cnt,40,U32,big,,,,,
uart_drop_cnt,40,U16,big,,,,,
uart_fra_err,40,U16,big,,,,,
uart_par_err,40,U16,big,,,,,
uart_ovr_err,40,U16,big,,,,,
uart_sent_cnt,40,U16,big,,,,,
uart_cmd_cnt,40,U16,big,,,,,
cmd_ready,40,U8,big,,,,,
alive,40,U8,big,,,,,
channel,40,C8,big,,,,,
chksm_compare,40,U8,big,,,,,
watchdog_count,40,U8,big,,,,,
trap_count,40,U8,big,,,,,
pll_count,40,U8,big,,,,,
temp,40,I6,big,,,,,
echo_mode,40,C8,big,,,,,
afc_mode,40,C8,big,,,,,
swd_mode,40,C8,big,,,,,
read_mode,40,C8,big,,,,,
locked,40,U8,big,,,,,
CCSDS_Header_1_APID,41,U16,little,,,,,
CCSDS_Header_2_Seq,41,U16,little,,,,,
PKT_LEN,41,U16,little,,,,,
SHCOARSE,41,U32,big,,,,,
SHFINE,41,U16,big,,,,,
pass_size,41,U32,big,,,,,
pass_response,41,C1920,big,,,,,
CCSDS_Header_1_APID,47,U16,little,,,,,
CCSDS_Header_2_Seq,47,U16,little,,,,,
PKT_LEN,47,U16,little,,,,,
SHCOARSE,47,U32,big,,,,,
SHFINE,47,U16,big,,,,,
soh_count,47,U16,big,,,,,
sci_count,47,U16,big,,,,,
pkt_err_count,47,U16,big,,,,,
pass_count,47,U16,big,,,,,
pkt_crc_count,47,U16,big,,,,,
sync_err_count,47,U16,big,,,,,
pkt_comstat,47,U32,big,,,,,
pkt_temp1,47,U16,big,,,,,
pkt_temp2,47,U16,big,,,,,
pkt_temp3,47,U16,big,,,,,
alive,47,U16,big,,,,,
fast_count,47,U32,big,,,,,
CCSDS_Header_1_APID,51,U16,little,,,,,
CCSDS_Header_2_Seq,51,U16,little,,,,,
PKT_LEN,51,U16,little,,,,,
SHCOARSE,51,U32,big,,,,,
SHFINE,51,U16,big,,,,,
msg_recv_count,51,U16,big,,,,,
msg_rjct_count,51,U16,big,,,,,
fmt_count,51,U16,big,,,,,
,51,U16,big,,,,,
CCSDS_Header_1_APID,53,U16,little,,,,,
CCSDS_Header_2_Seq,53,U16,little,,,,,
PKT_LEN,53,U16,little,,,,,
SHCOARSE,53,U32,big,,,,,
SHFINE,53,U16,big,,,,,
avoid_flags,53,D32,big,,,,,
thresholds,53,U64,big,,,,,
last_cmd_time,53,U32,big,,,,,
triggered,53,U32,big,,,,,
threshold,53,U32,big,,,,,
countdown,53,U32,big,,,,,
deployables,53,U24,big,,,,,
curr_mode,53,D8,big,,,,,
launch_delay,53,U32,big,,,,,
launch_count,53,U32,big,,,,,
launch_flag,53,U32,big,,,,,
deploy_int,53,U32,big,,,,,
deploy_count,53,U32,big,,,,,
eclipse_method,53,D8,big,,,,,
eclipse,53,D8,big,,,,,
auto_state,53,D8,big,,,,,
,53,U8,big,,,,,
auto_time,53,U32,big,,,,,
CCSDS_Header_1_APID,46,U16,little,,,,,
CCSDS_Header_2_Seq,46,U16,little,,,,,
PKT_LEN,46,U16,little,,,,,
SHCOARSE,46,U32,big,,,,,
SHFINE,46,U16,big,,,,,
msg_recv_count,46,U16,big,,,,,
msg_recv_count,46,U16,big,,,,,
msg_fmt_count,46,U16,big,,,,,
,46,U16,big,,,,,
CCSDS_Header_1_APID,45,U16,little,,,,,
CCSDS_Header_2_Seq,45,U16,little,,,,,
PKT_LEN,45,U16,little,,,,,
SHCOARSE,45,U32,big,,,,,
SHFINE,45,U16,big,,,,,
recv_count,45,U16,big,,,,,
pass_count,45,U16,big,,,,,
bad_apid_count,45,U16,big,,,,,
bad_len_count,45,U16,big,,,,,
alive_state,45,U8,big,,,,,
cmd_op,45,U8,big,,,,,
,45,U16,big,,,,,
cmd_succ,45,U16,big,,,,,
cmd_fail,45,U16,big,,,,,
cdh_enables,45,U16,big,,,,,
cdh_temp,45,U16,big,,,,,
sps_rate,45,U32,big,,,,,
sps_x,45,U16,big,,,,,
sps_y,45,U16,big,,,,,
slow_count,45,U16,big,,,,,
,45,U16,big,,,,,
CCSDS_Header_1_APID,2,U16,little,,,,,
CCSDS_Header_2_Seq,2,U16,little,,,,,
PKT_LEN,2,U16,little,,,,,
SHCOARSE,2,U32,big,,,,,
SHFINE,2,U16,big,,,,,
bat_fg1,2,U16,big,0,0.003906,0,0,0
daxss_curr,2,U16,big,0,0.0005,0,0,0
daxss_volt,2,U16,big,0,0.001,0,0,0
cdh_curr,2,U16,big,0,0.0005,0,0,0
cdh_volt,2,U16,big,0,0.001,0,0,0
sband_curr,2,U16,big,0,0.0005,0,0,0
sband_volt,2,U16,big,0,0.001,0,0,0
uhf_curr,2,U16,big,0,0.0005,0,0,0
uhf_volt,2,U16,big,0,0.001,0,0,0
heater_curr,2,U16,big,0,0.0005,0,0,0
heater_volt,2,U16,big,0,0.001,0,0,0
sp2_curr,2,U16,big,0,0.0005,0,0,0
sp2_volt,2,U16,big,0,0.001,0,0,0
sp1_curr,2,U16,big,0,0.0005,0,0,0
sp1_volt,2,U16,big,0,0.001,0,0,0
sp0_curr,2,U16,big,0,0.0005,0,0,0
sp0_volt,2,U16,big,0,0.001,0,0,0
bat_vcell,2,U16,big,,,,,
gps_12v_2_curr,2,U16,big,0,0.0005,0,0,0
gps_12v_2_volt,2,U16,big,0,0.001,0,0,0
gps_12v_1_curr,2,U16,big,0,0.0005,0,0,0
gps_12v_1_volt,2,U16,big,0,0.001,0,0,0
bat_curr,2,U16,big,0,0.0005,0,0,0
bat_volt,2,U16,big,0,0.001,0,0,0
adcs_curr,2,U16,big,0,0.0005,0,0,0
adcs_volt,2,U16,big,0,0.001,0,0,0
3p3_curr,2,U16,big,0,0.0005,0,0,0
3p3_volt,2,U16,big,0,0.001,0,0,0
cip_curr,2,U16,big,0,0.0005,0,0,0
cip_volt,2,U16,big,0,0.001,0,0,0
obc_temp,2,U16,big,91.394,-0.0894932,3.55E-05,-6.26E-09,1.89E-13
eps_temp,2,U16,big,91.394,-0.0894932,3.55E-05,-6.26E-09,1.89E-13
int_temp,2,U16,big,91.394,-0.0894932,3.55E-05,-6.26E-09,1.89E-13
sp0_temp,2,U16,big,91.394,-0.0894932,3.55E-05,-6.26E-09,1.89E-13
bat0_temp,2,U16,big,-259.74,1.471182747,3.59E-04,8.77E-08,2.14E-11
sp1_temp,2,U16,big,91.394,-0.0894932,3.55E-05,-6.26E-09,1.89E-13
bat1_temp,2,U16,big,-259.74,1.471182747,3.59E-04,8.77E-08,2.14E-11
sp2_temp,2,U16,big,91.394,-0.0894932,3.55E-05,-6.26E-09,1.89E-13
bat_fg3,2,U16,big,0,0.003906,0,0,0
eclipse_threshold,2,U16,big,0,0.005,0,0,0
bat0_temp_conv,2,F32,big,,,,,
bat1_temp_conv,2,F32,big,,,,,
batt_set_low,2,F32,big,,,,,
batt_set_high,2,F32,big,,,,,
batt_samples,2,U8,big,,,,,
eclipse,2,D8,big,,,,,
CCSDS_Header_1_APID,44,U16,little,,,,,
CCSDS_Header_2_Seq,44,U16,little,,,,,
PKT_LEN,44,U16,little,,,,,
SHCOARSE,44,U32,big,,,,,
SHFINE,44,U16,big,,,,,
msg_recv_count,44,U16,big,,,,,
msg_rjct_count,44,U16,big,,,,,
msg_fmt_count,44,U16,big,,,,,
,44,U16,big,,,,,
CCSDS_Header_1_APID,43,U16,little,,,,,
CCSDS_Header_2_Seq,43,U16,little,,,,,
PKT_LEN,43,U16,little,,,,,
SHCOARSE,43,U32,big,,,,,
SHFINE,43,U16,big,,,,,
read_sent_cnt,43,U16,big,,,,,
write_sent_cnt,43,U16,big,,,,,
sync_err_cnt,43,U16,big,,,,,
len_err_cnt,43,U16,big,,,,,
crc_err_cnt,43,U16,big,,,,,
hk_pkt_cnt,43,U16,big,,,,,
alive,43,U8,big,,,,,
eclipse,43,U8,big,,,,,
eclipse_threshold,43,U16,big,,,,,
eclipse_count,43,U16,big,,,,,
,43,U16,big,,,,,
CCSDS_Header_1_APID,215,U16,little,,,,,
CCSDS_Header_2_Seq,215,U16,little,,,,,
PKT_LEN,215,U16,little,,,,,
SHCOARSE,215,U32,big,,,,,
SHFINE,215,U16,big,,,,,
analogs_voltage_2p5,215,U8,big,0,0.015,0,0,0
analogs_voltage_1p8,215,U8,big,0,0.015,0,0,0
analogs_voltage_1p0,215,U8,big,0,0.015,0,0,0
analogs_det_temp,215,I8,big,0,0.8,0,0,0
analogs_ext_temp,215,I16,big,0,0.005,0,0,0
analogs_imu_temp,215,I16,big,0,0.005,0,0,0
analogs_motor1_temp,215,I16,big,0,0.005,0,0,0
analogs_motor2_temp,215,I16,big,0,0.005,0,0,0
analogs_motor3_temp,215,I16,big,0,0.005,0,0,0
analogs_motor4_temp,215,I16,big,0,0.005,0,0,0
analogs_digital_bus_v,215,I16,big,0,0.00125,0,0,0
analogs_motor_bus_v,215,I16,big,0,0.00125,0,0,0
analogs_rod_bus_v,215,I16,big,0,0.00125,0,0,0
,215,U8,big,,,,,
CCSDS_Header_1_APID,218,U16,little,,,,,
CCSDS_Header_2_Seq,218,U16,little,,,,,
PKT_LEN,218,U16,little,,,,,
SHCOARSE,218,U32,big,,,,,
SHFINE,218,U16,big,,,,,
gps_time,218,I32,big,,,,,
gps_position_ecef1,218,I32,big,0,0.00002,0,0,0
gps_position_ecef2,218,I32,big,0,0.00002,0,0,0
gps_position_ecef3,218,I32,big,0,0.00002,0,0,0
gps_velocity_ecef1,218,I32,big,0,0.000000005,0,0,0
gps_velocity_ecef2,218,I32,big,0,0.000000005,0,0,0
gps_velocity_ecef3,218,I32,big,0,0.000000005,0,0,0
gps_sample_usec_ct,218,U32,big,,,,,
gps_cycles_since_latest_data,218,U32,big,,,,,
gps_gps_lock_count,218,U16,big,,,,,
gps_ms_gtracked_satellites,218,U8,big,,,,,
gps_ms_gused_satellites,218,U8,big,,,,,
gps_msg_data_valid,218,D8,big,,,,,
gps_gps_valid,218,D8,big,,,,,
gps_gps_enable,218,D8,big,,,,,
gps_new_data_received,218,D8,big,,,,,
CCSDS_Header_1_APID,213,U16,little,,,,,
CCSDS_Header_2_Seq,213,U16,little,,,,,
PKT_LEN,213,U16,little,,,,,
SHCOARSE,213,U32,big,,,,,
SHFINE,213,U16,big,,,,,
clock_sync_counts_per_sec,213,U32,big,,,,,
clock_sync_gps_pps_time_usec,213,U32,big,,,,,
clock_sync_hr_run_count,213,U32,big,,,,,
clock_sync_hr_time_usec,213,U32,big,,,,,
clock_sync_hr_cycle_num,213,U32,big,,,,,
clock_sync_vhr_cycle_num,213,U32,big,,,,,
clock_sync_cycles_since_pps,213,U32,big,,,,,
clock_sync_vhr_exec_time_ms,213,U8,big,,,,,
clock_sync_vhr_0_exec_time_us,213,U8,big,0,25,0,0,0
clock_sync_hr_exec_time_ms1,213,U8,big,,,,,
clock_sync_hr_exec_time_ms2,213,U8,big,,,,,
clock_sync_hr_exec_time_ms3,213,U8,big,,,,,
clock_sync_hr_exec_time_ms4,213,U8,big,,,,,
clock_sync_hr_exec_time_ms5,213,U8,big,,,,,
clock_sync_clock_sync_enable,213,U8,big,,,,,
CCSDS_Header_1_APID,207,U16,little,,,,,
CCSDS_Header_2_Seq,207,U16,little,,,,,
PKT_LEN,207,U16,little,,,,,
SHCOARSE,207,U32,big,,,,,
SHFINE,207,U16,big,,,,,
tracker_attitude_st1,207,I32,big,0,4.88E-10,0,0,0
tracker_attitude_st2,207,I32,big,0,4.88E-10,0,0,0
tracker_attitude_st3,207,I32,big,0,4.88E-10,0,0,0
tracker_attitude_st4,207,I32,big,0,4.88E-10,0,0,0
tracker_rate_est1,207,I16,big,0,0.0000025,0,0,0
tracker_rate_est2,207,I16,big,0,0.0000025,0,0,0
tracker_rate_est3,207,I16,big,0,0.0000025,0,0,0
tracker_right_asc,207,U16,big,0,0.0055,0,0,0
tracker_declination,207,I16,big,0,0.0055,0,0,0
tracker_roll,207,I16,big,0,0.0055,0,0,0
tracker_att_covariance1,207,I32,big,0,1.47E-14,0,0,0
tracker_att_covariance2,207,I32,big,0,1.47E-14,0,0,0
tracker_att_covariance3,207,I32,big,0,1.47E-14,0,0,0
tracker_att_covariance4,207,I32,big,0,1.47E-14,0,0,0
tracker_att_covariance5,207,I32,big,0,1.47E-14,0,0,0
tracker_att_covariance6,207,I32,big,0,1.47E-14,0,0,0
tracker_maximum_residual,207,U8,big,,,,,
tracker_maximum_residual_init,207,U8,big,,,,,
tracker_analog_gain_eu,207,U8,big,0,0.5,0,0,0
tracker_mag_bright,207,U8,big,0,0.04,0,0,0
tracker_mag_dim,207,U8,big,0,0.04,0,0,0
tracker_peak_noise_all_trk_blks,207,U8,big,0,4,0,0,0
tracker_peak_bckgnd_all_trk_blks,207,U8,big,0,4,0,0,0
tracker_median_noise_all_trk_blks,207,U8,big,0,4,0,0,0
tracker_median_bckgnd_all_trk_blks,207,U8,big,0,4,0,0,0
tracker_operating_mode,207,D8,big,,,,,
tracker_star_id_step,207,D8,big,,,,,
tracker_id_status,207,D8,big,,,,,
tracker_id_status_save,207,D8,big,,,,,
tracker_att_status,207,D8,big,,,,,
tracker_rate_est_status,207,D8,big,,,,,
tracker_rate_aid_status,207,D8,big,,,,,
tracker_vel_aid_status,207,D8,big,,,,,
tracker_att_aid_status,207,D8,big,,,,,
tracker_att_time_tag,207,U32,big,,,,,
tracker_num_id_patterns_tried,207,U32,big,,,,,
tracker_pixel_amp_threshold,207,U8,big,0,4,0,0,0
tracker_amplitude_offset,207,U8,big,,,,,
tracker_current_tint,207,U32,big,,,,,
tracker_start_set_time,207,U32,big,,,,,
tracker_mem_det_trigger_delay,207,U32,big,,,,,
tracker_image_read_dt,207,U32,big,,,,,
tracker_maximum_residual_id,207,U16,big,,,,,
tracker_maximum_residual_id_init,207,U16,big,,,,,
tracker_max_row_bckgnd_post_comp,207,U16,big,,,,,
tracker_excluded_id,207,U16,big,,,,,
tracker_id_stars1,207,U16,big,,,,,
tracker_id_stars2,207,U16,big,,,,,
tracker_id_stars3,207,U16,big,,,,,
tracker_id_stars4,207,U16,big,,,,,
tracker_det_timeout_count,207,U16,big,,,,,
tracker_num_pix_groups_for_id,207,U8,big,,,,,
tracker_id_tolerance,207,U8,big,,,,,
tracker_num_of_att_loops,207,U8,big,,,,,
tracker_num_attitude_stars,207,U8,big,,,,,
tracker_num_stars_high_residual,207,U8,big,,,,,
tracker_auto_black_enable,207,D8,big,,,,,
tracker_black_level,207,U8,big,,,,,
tracker_num_stars_on_fov,207,U8,big,,,,,
tracker_num_track_blocks_issued,207,U8,big,,,,,
tracker_num_track_stars,207,U8,big,,,,,
tracker_num_id_stars,207,U8,big,,,,,
tracker_fs_wcounter,207,U8,big,,,,,
tracker_auto_track,207,D8,big,,,,,
tracker_auto_integration,207,D8,big,,,,,
tracker_auto_gain,207,D8,big,,,,,
tracker_test_mode,207,U8,big,,,,,
tracker_fpga_det_timeout,207,D8,big,,,,,
tracker_store_seq_images,207,D8,big,,,,,
tracker_track_ref_available,207,D8,big,,,,,
tracker_num_exclusions,207,U8,big,,,,,
tracker_id_wait_counter,207,U8,big,,,,,
tracker_image_index,207,U8,big,,,,,
tracker_ref_index,207,U8,big,,,,,
tracker_track_rows,207,U8,big,,,,,
tracker_track_cols,207,U8,big,,,,,
tracker_num_bright_stars,207,U8,big,,,,,
tracker_image_filter_enabled,207,U8,big,,,,,
,207,U8,big,,,,,
,207,U16,big,,,,,
CCSDS_Header_1_APID,203,U16,little,,,,,
CCSDS_Header_2_Seq,203,U16,little,,,,,
PKT_LEN,203,U16,little,,,,,
SHCOARSE,203,U32,big,,,,,
SHFINE,203,U16,big,,,,,
refs_gps_timer,203,U32,big,,,,,
refs_time_now,203,F64,big,0,0.2,0,0,0
refs_q_ecef_wrt_eci1,203,I32,big,0,0.000000001,0,0,0
refs_q_ecef_wrt_eci2,203,I32,big,0,0.000000001,0,0,0
refs_q_ecef_wrt_eci3,203,I32,big,0,0.000000001,0,0,0
refs_q_ecef_wrt_eci4,203,I32,big,0,0.000000001,0,0,0
refs_position_wrt_eci1,203,I32,big,0,0.00002,0,0,0
refs_position_wrt_eci2,203,I32,big,0,0.00002,0,0,0
refs_position_wrt_eci3,203,I32,big,0,0.00002,0,0,0
refs_position_wrt_ecef1,203,I32,big,0,0.00002,0,0,0
refs_position_wrt_ecef2,203,I32,big,0,0.00002,0,0,0
refs_position_wrt_ecef3,203,I32,big,0,0.00002,0,0,0
refs_velocity_wrt_eci1,203,I32,big,0,0.000000005,0,0,0
refs_velocity_wrt_eci2,203,I32,big,0,0.000000005,0,0,0
refs_velocity_wrt_eci3,203,I32,big,0,0.000000005,0,0,0
refs_velocity_wrt_ecef1,203,I32,big,0,0.000000005,0,0,0
refs_velocity_wrt_ecef2,203,I32,big,0,0.000000005,0,0,0
refs_velocity_wrt_ecef3,203,I32,big,0,0.000000005,0,0,0
refs_nadir_vector_body1,203,I16,big,0,0.00004,0,0,0
refs_nadir_vector_body2,203,I16,big,0,0.00004,0,0,0
refs_nadir_vector_body3,203,I16,big,0,0.00004,0,0,0
refs_sun_vector_body1,203,I16,big,0,0.00004,0,0,0
refs_sun_vector_body2,203,I16,big,0,0.00004,0,0,0
refs_sun_vector_body3,203,I16,big,0,0.00004,0,0,0
refs_moon_vector_body1,203,I16,big,0,0.00004,0,0,0
refs_moon_vector_body2,203,I16,big,0,0.00004,0,0,0
refs_moon_vector_body3,203,I16,big,0,0.00004,0,0,0
refs_mag_model_vector_eci1,203,I16,big,0,0.000000005,0,0,0
refs_mag_model_vector_eci2,203,I16,big,0,0.000000005,0,0,0
refs_mag_model_vector_eci3,203,I16,big,0,0.000000005,0,0,0
refs_mag_model_vector_body1,203,I16,big,0,0.000000005,0,0,0
refs_mag_model_vector_body2,203,I16,big,0,0.000000005,0,0,0
refs_mag_model_vector_body3,203,I16,big,0,0.000000005,0,0,0
refs_sun_model_vector_eci1,203,I16,big,0,0.00004,0,0,0
refs_sun_model_vector_eci2,203,I16,big,0,0.00004,0,0,0
refs_sun_model_vector_eci3,203,I16,big,0,0.00004,0,0,0
refs_moon_model_vector_eci1,203,I16,big,0,0.00004,0,0,0
refs_moon_model_vector_eci2,203,I16,big,0,0.00004,0,0,0
refs_moon_model_vector_eci3,203,I16,big,0,0.00004,0,0,0
refs_aero_density,203,I16,big,,,,,
refs_orbit_method,203,D8,big,,,,,
refs_refs_valid,203,D8,big,,,,,
refs_esm_valid,203,D8,big,,,,,
refs_run_low_rate_task,203,D8,big,,,,,
refs_auto_gps_usage,203,D8,big,,,,,
pad0,203,U8,big,,,,,
pad1,203,U16,big,,,,,
pad2,203,U8,big,,,,,
CCSDS_Header_1_APID,202,U16,little,,,,,
CCSDS_Header_2_Seq,202,U16,little,,,,,
PKT_LEN,202,U16,little,,,,,
SHCOARSE,202,U32,big,,,,,
SHFINE,202,U16,big,,,,,
time_tai_seconds,202,F64,big,0,0.2,0,0,0
time_cycle_time,202,U32,big,0,0.2,0,0,0
time_jd_of_now_wrt_tai,202,U32,big,,,,,
time_gps_update_cycle_period,202,U32,big,,,,,
time_gps_update_cycle_count,202,U32,big,,,,,
time_time_valid,202,D8,big,,,,,
time_pps_config,202,D8,big,,,,,
,202,U8,big,,,,,
,202,U16,big,,,,,
CCSDS_Header_1_APID,212,U16,little,,,,,
CCSDS_Header_2_Seq,212,U16,little,,,,,
PKT_LEN,212,U16,little,,,,,
SHCOARSE,212,U32,big,,,,,
SHFINE,212,U16,big,,,,,
imu_avg_channel_rates1,212,I16,big,0,0.00001,0,0,0
imu_avg_channel_rates2,212,I16,big,0,0.00001,0,0,0
imu_avg_channel_rates3,212,I16,big,0,0.00001,0,0,0
imu_imu_avg_vector_body1,212,I16,big,0,0.00001,0,0,0
imu_imu_avg_vector_body2,212,I16,big,0,0.00001,0,0,0
imu_imu_avg_vector_body3,212,I16,big,0,0.00001,0,0,0
imu_avg_time_tag,212,U32,big,,,,,
imu_raw_first_packet_rates1,212,I16,big,,,,,
imu_raw_first_packet_rates2,212,I16,big,,,,,
imu_raw_first_packet_rates3,212,I16,big,,,,,
imu_imu_invalid_count,212,U16,big,,,,,
imu_new_packet_count,212,U8,big,,,,,
imu_first_packet_id,212,U8,big,,,,,
imu_imu_vector_valid,212,D8,big,,,,,
imu_imu_vector_enabled,212,D8,big,,,,,
imu_imu_test_mode,212,D8,big,,,,,
pad0,212,U8,big,,,,,
pad1,212,U16,big,,,,,
CCSDS_Header_1_APID,219,U16,little,,,,,
CCSDS_Header_2_Seq,219,U16,little,,,,,
PKT_LEN,219,U16,little,,,,,
SHCOARSE,219,U32,big,,,,,
SHFINE,219,U16,big,,,,,
cal_q_tracker_wrt_body1,219,I32,big,0,0.000000001,0,0,0
cal_q_tracker_wrt_body2,219,I32,big,0,0.000000001,0,0,0
cal_q_tracker_wrt_body3,219,I32,big,0,0.000000001,0,0,0
cal_q_tracker_wrt_body4,219,I32,big,0,0.000000001,0,0,0
cal_q_tracker_wrt_body5,219,I32,big,0,0.000000001,0,0,0
cal_q_tracker_wrt_body6,219,I32,big,0,0.000000001,0,0,0
cal_q_tracker_wrt_body7,219,I32,big,0,0.000000001,0,0,0
cal_q_tracker_wrt_body8,219,I32,big,0,0.000000001,0,0,0
cal_q_tracker_wrt_body_est1,219,I32,big,0,0.000000001,0,0,0
cal_q_tracker_wrt_body_est2,219,I32,big,0,0.000000001,0,0,0
cal_q_tracker_wrt_body_est3,219,I32,big,0,0.000000001,0,0,0
cal_q_tracker_wrt_body_est4,219,I32,big,0,0.000000001,0,0,0
cal_q_tracker_wrt_body_est5,219,I32,big,0,0.000000001,0,0,0
cal_q_tracker_wrt_body_est6,219,I32,big,0,0.000000001,0,0,0
cal_q_tracker_wrt_body_est7,219,I32,big,0,0.000000001,0,0,0
cal_q_tracker_wrt_body_est8,219,I32,big,0,0.000000001,0,0,0
cal_tracker_align_used_res1,219,I32,big,0,0.000000001,0,0,0
cal_tracker_align_used_res2,219,I32,big,0,0.000000001,0,0,0
cal_tracker_align_used_res3,219,I32,big,0,0.000000001,0,0,0
cal_tracker_align_est_res1,219,I32,big,0,0.000000001,0,0,0
cal_tracker_align_est_res2,219,I32,big,0,0.000000001,0,0,0
cal_tracker_align_est_res3,219,I32,big,0,0.000000001,0,0,0
cal_rejected_tracker_est_count,219,U32,big,,,,,
cal_tracker_n,219,U16,big,,,,,
cal_tracker_align_method,219,D8,big,,,,,
cal_tracker_align_usage,219,D8,big,,,,,
CCSDS_Header_1_APID,204,U16,little,,,,,
CCSDS_Header_2_Seq,204,U16,little,,,,,
PKT_LEN,204,U16,little,,,,,
SHCOARSE,204,U32,big,,,,,
SHFINE,204,U16,big,,,,,
att_det_q_body_wrt_eci1,204,I32,big,0,5.00E-10,0,0,0
att_det_q_body_wrt_eci2,204,I32,big,0,5.00E-10,0,0,0
att_det_q_body_wrt_eci3,204,I32,big,0,5.00E-10,0,0,0
att_det_q_body_wrt_eci4,204,I32,big,0,5.00E-10,0,0,0
att_det_residual1,204,I32,big,0,5.00E-10,0,0,0
att_det_residual2,204,I32,big,0,5.00E-10,0,0,0
att_det_residual3,204,I32,big,0,5.00E-10,0,0,0
att_det_body_rate1,204,I32,big,0,5.00E-10,0,0,0
att_det_body_rate2,204,I32,big,0,5.00E-10,0,0,0
att_det_body_rate3,204,I32,big,0,5.00E-10,0,0,0
att_det_gyro_bias_est1,204,I16,big,0,5.00E-10,0,0,0
att_det_gyro_bias_est2,204,I16,big,0,5.00E-10,0,0,0
att_det_gyro_bias_est3,204,I16,big,0,5.00E-10,0,0,0
att_det_attitude_alg,204,D8,big,,,,,
att_det_good_att_rate_timer,204,U32,big,,,,,
att_det_bad_att_timer,204,U32,big,,,,,
att_det_bad_rate_timer,204,U32,big,,,,,
att_det_reinit_count,204,U32,big,,,,,
att_det_attitude_valid,204,D8,big,,,,,
att_det_meas_att_valid,204,D8,big,,,,,
att_det_meas_rate_valid,204,D8,big,,,,,
att_det_tracker_used,204,U8,big,,,,,
att_det_tracker_preference,204,U8,big,,,,,
CCSDS_Header_1_APID,220,U16,little,,,,,
CCSDS_Header_2_Seq,220,U16,little,,,,,
PKT_LEN,220,U16,little,,,,,
SHCOARSE,220,U32,big,,,,,
SHFINE,220,U16,big,,,,,
tracker_ctrl_q_body_wrt_eci1,220,I32,big,0,0.000000001,0,0,0
tracker_ctrl_q_body_wrt_eci2,220,I32,big,0,0.000000001,0,0,0
tracker_ctrl_q_body_wrt_eci3,220,I32,big,0,0.000000001,0,0,0
tracker_ctrl_q_body_wrt_eci4,220,I32,big,0,0.000000001,0,0,0
tracker_ctrl_q_body_wrt_eci5,220,I32,big,0,0.000000001,0,0,0
tracker_ctrl_q_body_wrt_eci6,220,I32,big,0,0.000000001,0,0,0
tracker_ctrl_q_body_wrt_eci7,220,I32,big,0,0.000000001,0,0,0
tracker_ctrl_q_body_wrt_eci8,220,I32,big,0,0.000000001,0,0,0
tracker_ctrl_tracker_att_valid1,220,D8,big,,,,,
tracker_ctrl_tracker_att_valid2,220,D8,big,,,,,
tracker_ctrl_tracker_usage_enabled1,220,D8,big,,,,,
tracker_ctrl_tracker_usage_enabled2,220,D8,big,,,,,
tracker_ctrl_max_backgnd_tripped1,220,D8,big,,,,,
tracker_ctrl_max_backgnd_tripped2,220,D8,big,,,,,
tracker_ctrl_max_rot_rate_tripped1,220,D8,big,,,,,
tracker_ctrl_max_rot_rate_tripped2,220,D8,big,,,,,
tracker_ctrl_aid_status_bit1,220,U8,big,,,,,
tracker_ctrl_aid_status_bit2,220,U8,big,,,,,
CCSDS_Header_1_APID,208,U16,little,,,,,
CCSDS_Header_2_Seq,208,U16,little,,,,,
PKT_LEN,208,U16,little,,,,,
SHCOARSE,208,U32,big,,,,,
SHFINE,208,U16,big,,,,,
att_ctrl_position_error1,208,I32,big,0,0.000000002,0,0,0
att_ctrl_position_error2,208,I32,big,0,0.000000002,0,0,0
att_ctrl_position_error3,208,I32,big,0,0.000000002,0,0,0
att_ctrl_rate_error1,208,I32,big,0,0.000000005,0,0,0
att_ctrl_rate_error2,208,I32,big,0,0.000000005,0,0,0
att_ctrl_rate_error3,208,I32,big,0,0.000000005,0,0,0
att_ctrl_integral_error1,208,I16,big,0,0.00001,0,0,0
att_ctrl_integral_error2,208,I16,big,0,0.00001,0,0,0
att_ctrl_integral_error3,208,I16,big,0,0.00001,0,0,0
att_ctrl_eigen_error,208,U32,big,0,0,0,0,0
att_ctrl_max_rate1,208,U16,big,0,0.0002,0,0,0
att_ctrl_max_rate2,208,U16,big,0,0.0002,0,0,0
att_ctrl_max_rate3,208,U16,big,0,0.0002,0,0,0
att_ctrl_max_accel1,208,U16,big,0,0.0002,0,0,0
att_ctrl_max_accel2,208,U16,big,0,0.0002,0,0,0
att_ctrl_max_accel3,208,U16,big,0,0.0002,0,0,0
att_ctrl_feedback_ctrl_torq1,208,I16,big,0,0.0000002,0,0,0
att_ctrl_feedback_ctrl_torq2,208,I16,big,0,0.0000002,0,0,0
att_ctrl_feedback_ctrl_torq3,208,I16,big,0,0.0000002,0,0,0
att_ctrl_ctrl_torque1,208,I16,big,0,0.0000002,0,0,0
att_ctrl_ctrl_torque2,208,I16,big,0,0.0000002,0,0,0
att_ctrl_ctrl_torque3,208,I16,big,0,0.0000002,0,0,0
att_ctrl_time_into_search,208,U16,big,,,,,
att_ctrl_wait_timer,208,U16,big,,,,,
att_ctrl_sun_point_angle_error,208,U16,big,0,0.003,0,0,0
att_ctrl_sun_point_state,208,D8,big,,,,,
att_ctrl_gain_index,208,U8,big,,,,,
att_ctrl_momentum_too_high,208,D8,big,,,,,
,208,U8,big,,,,,
CCSDS_Header_1_APID,216,U16,little,,,,,
CCSDS_Header_2_Seq,216,U16,little,,,,,
PKT_LEN,216,U16,little,,,,,
SHCOARSE,216,U32,big,,,,,
SHFINE,216,U16,big,,,,,
tables_length32,216,U32,big,,,,,
tables_offset32,216,U32,big,,,,,
tables_checksum,216,U16,big,,,,,
tables_table_upload_status,216,D8,big,,,,,
tables_which_table,216,U8,big,,,,,
tables_image,216,U8,big,,,,,
tables_flash_burn_armed,216,D8,big,,,,,
,216,U8,big,,,,,
,216,U16,big,,,,,
CCSDS_Header_1_APID,201,U16,little,,,,,
CCSDS_Header_2_Seq,201,U16,little,,,,,
PKT_LEN,201,U16,little,,,,,
SHCOARSE,201,U32,big,,,,,
SHFINE,201,U16,big,,,,,
general_software_version1,201,U32,big,,,,,
general_software_version2,201,U32,big,,,,,
general_hardware_version,201,U32,big,,,,,
general_async_running,201,U8,big,,,,,
general_inertia1,201,I32,big,0,0.0001,0,0,0
general_inertia2,201,I32,big,0,0.0001,0,0,0
general_inertia3,201,I32,big,0,0.0001,0,0,0
general_inertia4,201,I32,big,0,0.0001,0,0,0
general_inertia5,201,I32,big,0,0.0001,0,0,0
general_inertia6,201,I32,big,0,0.0001,0,0,0
general_inertia7,201,I32,big,0,0.0001,0,0,0
general_inertia8,201,I32,big,0,0.0001,0,0,0
general_inertia9,201,I32,big,0,0.0001,0,0,0
,201,U8,big,,,,,
,201,U16,big,,,,,
,201,U8,big,,,,,
CCSDS_Header_1_APID,205,U16,little,,,,,
CCSDS_Header_2_Seq,205,U16,little,,,,,
PKT_LEN,205,U16,little,,,,,
SHCOARSE,205,U32,big,,,,,
SHFINE,205,U16,big,,,,,
att_cmd_cmd_q_body_wrt_eci1,205,I32,big,0,5.00E-10,0,0,0
att_cmd_cmd_q_body_wrt_eci2,205,I32,big,0,5.00E-10,0,0,0
att_cmd_cmd_q_body_wrt_eci3,205,I32,big,0,5.00E-10,0,0,0
att_cmd_cmd_q_body_wrt_eci4,205,I32,big,0,5.00E-10,0,0,0
att_cmd_cmd_body_rate1,205,I32,big,0,5.00E-10,0,0,0
att_cmd_cmd_body_rate2,205,I32,big,0,5.00E-10,0,0,0
att_cmd_cmd_body_rate3,205,I32,big,0,5.00E-10,0,0,0
att_cmd_cmd_body_accel1,205,I32,big,0,5.00E-10,0,0,0
att_cmd_cmd_body_accel2,205,I32,big,0,5.00E-10,0,0,0
att_cmd_cmd_body_accel3,205,I32,big,0,5.00E-10,0,0,0
att_cmd_commanded_sun1,205,I16,big,0,0.00004,0,0,0
att_cmd_commanded_sun2,205,I16,big,0,0.00004,0,0,0
att_cmd_commanded_sun3,205,I16,big,0,0.00004,0,0,0
att_cmd_hr_cycle_safe_mode,205,U32,big,,,,,
att_cmd_rotisserie_rate,205,I16,big,,,,,
att_cmd_adcs_mode,205,D8,big,,,,,
att_cmd_safe_mode_reason,205,D8,big,,,,,
att_cmd_recommend_sun_point,205,D8,big,,,,,
,205,U8,big,,,,,
CCSDS_Header_1_APID,217,U16,little,,,,,
CCSDS_Header_2_Seq,217,U16,little,,,,,
PKT_LEN,217,U16,little,,,,,
SHCOARSE,217,U32,big,,,,,
SHFINE,217,U16,big,,,,,
tracker2_attitude_st1,217,I32,big,0,4.88E-10,,,
tracker2_attitude_st2,217,I32,big,0,4.88E-10,,,
tracker2_attitude_st3,217,I32,big,0,4.88E-10,,,
tracker2_attitude_st4,217,I32,big,0,4.88E-10,,,
tracker2_rate_est1,217,I16,big,0,0.0000025,0,0,0
tracker2_rate_est2,217,I16,big,0,0.0000025,0,0,0
tracker2_rate_est3,217,I16,big,0,0.0000025,0,0,0
tracker2_right_asc,217,U16,big,0,0.0055,0,0,0
tracker2_declination,217,I16,big,0,0.0055,0,0,0
tracker2_roll,217,I16,big,0,0.0055,0,0,0
tracker2_att_covariance1,217,I32,big,0,1.47E-14,0,0,0
tracker2_att_covariance2,217,I32,big,0,1.47E-14,0,0,0
tracker2_att_covariance3,217,I32,big,0,1.47E-14,0,0,0
tracker2_att_covariance4,217,I32,big,0,1.47E-14,0,0,0
tracker2_att_covariance5,217,I32,big,0,1.47E-14,0,0,0
tracker2_att_covariance6,217,I32,big,0,1.47E-14,0,0,0
tracker2_maximum_residual,217,U8,big,,,,,
tracker2_maximum_residual_init,217,U8,big,,,,,
tracker2_analog_gain_eu,217,U8,big,0,0.5,0,0,0
tracker2_mag_bright,217,U8,big,0,0.04,0,0,0
tracker2_mag_dim,217,U8,big,0,0.04,0,0,0
tracker2_peak_noise_all_trk_blks,217,U8,big,0,4,0,0,0
tracker2_peak_bckgnd_all_trk_blks,217,U8,big,0,4,0,0,0
tracker2_median_noise_all_trk_blks,217,U8,big,0,4,0,0,0
tracker2_median_bckgnd_all_trk_blks,217,U8,big,0,4,0,0,0
tracker2_operating_mode,217,D8,big,,,,,
tracker2_star_id_step,217,D8,big,,,,,
tracker2_id_status,217,D8,big,,,,,
tracker2_id_status_save,217,D8,big,,,,,
tracker2_att_status,217,D8,big,,,,,
tracker2_rate_est_status,217,D8,big,,,,,
tracker2_rate_aid_status,217,D8,big,,,,,
tracker2_vel_aid_status,217,D8,big,,,,,
tracker2_att_aid_status,217,D8,big,,,,,
tracker2_att_time_tag,217,U32,big,,,,,
tracker2_num_id_patterns_tried,217,U32,big,,,,,
tracker2_pixel_amp_threshold,217,U8,big,0,4,0,0,0
tracker2_amplitude_offset,217,U8,big,,,,,
tracker2_current_tint,217,U32,big,,,,,
tracker2_start_set_time,217,U32,big,,,,,
tracker2_mem_det_trigger_delay,217,U32,big,,,,,
tracker2_image_read_dt,217,U32,big,,,,,
tracker2_maximum_residual_id,217,U16,big,,,,,
tracker2_maximum_residual_id_init,217,U16,big,,,,,
tracker2_max_row_bckgnd_post_comp,217,U16,big,,,,,
tracker2_excluded_id,217,U16,big,,,,,
tracker2_id_stars1,217,U16,big,,,,,
tracker2_id_stars2,217,U16,big,,,,,
tracker2_id_stars3,217,U16,big,,,,,
tracker2_id_stars4,217,U16,big,,,,,
tracker2_det_timeout_count,217,U16,big,,,,,
tracker2_num_pix_groups_for_id,217,U8,big,,,,,
tracker2_id_tolerance,217,U8,big,,,,,
tracker2_num_of_att_loops,217,U8,big,,,,,
tracker2_num_attitude_stars,217,U8,big,,,,,
tracker2_num_stars_high_residual,217,U8,big,,,,,
tracker2_auto_black_enable,217,D8,big,,,,,
tracker2_black_level,217,U8,big,,,,,
tracker2_num_stars_on_fov,217,U8,big,,,,,
tracker2_num_track_blocks_issued,217,U8,big,,,,,
tracker2_num_track_stars,217,U8,big,,,,,
tracker2_num_id_stars,217,U8,big,,,,,
tracker2_fs_wcounter,217,U8,big,,,,,
tracker2_auto_track,217,D8,big,,,,,
tracker2_auto_integration,217,D8,big,,,,,
tracker2_auto_gain,217,D8,big,,,,,
tracker2_test_mode,217,U8,big,,,,,
tracker2_fpga_det_timeout,217,D8,big,,,,,
tracker2_store_seq_images,217,D8,big,,,,,
tracker2_track_ref_available,217,D8,big,,,,,
tracker2_num_exclusions,217,U8,big,,,,,
tracker2_id_wait_counter,217,U8,big,,,,,
tracker2_image_index,217,U8,big,,,,,
tracker2_ref_index,217,U8,big,,,,,
tracker2_track_rows,217,U8,big,,,,,
tracker2_track_cols,217,U8,big,,,,,
tracker2_num_bright_stars,217,U8,big,,,,,
tracker2_image_filter_enabled,217,U8,big,,,,,
,217,U8,big,,,,,
,217,U16,big,,,,,
,217,U8,big,,,,,
CCSDS_Header_1_APID,214,U16,little,,,,,
CCSDS_Header_2_Seq,214,U16,little,,,,,
PKT_LEN,214,U16,little,,,,,
SHCOARSE,214,U32,big,,,,,
SHFINE,214,U16,big,,,,,
tlm_proc_tlm_table_used,214,U8,big,,,,,
tlm_proc_file_pointer,214,U32,big,,,,,
tlm_proc_buffer_index,214,U8,big,,,,,
tlm_proc_streaming,214,D8,big,,,,,
,214,U8,big,,,,,
CCSDS_Header_1_APID,221,U16,little,,,,,
CCSDS_Header_2_Seq,221,U16,little,,,,,
PKT_LEN,221,U16,little,,,,,
SHCOARSE,221,U32,big,,,,,
SHFINE,221,U16,big,,,,,
ext_tracker2_l01,221,U8,big,,,,,
ext_tracker2_l02,221,U8,big,,,,,
ext_tracker2_l03,221,U8,big,,,,,
ext_tracker2_l04,221,U8,big,,,,,
ext_tracker2_l05,221,U8,big,,,,,
ext_tracker2_l06,221,U8,big,,,,,
ext_tracker2_l07,221,U8,big,,,,,
ext_tracker2_l08,221,U8,big,,,,,
ext_tracker2_l09,221,U8,big,,,,,
ext_tracker2_l010,221,U8,big,,,,,
ext_tracker2_l011,221,U8,big,,,,,
ext_tracker2_l012,221,U8,big,,,,,
ext_tracker2_l013,221,U8,big,,,,,
ext_tracker2_l014,221,U8,big,,,,,
ext_tracker2_l015,221,U8,big,,,,,
ext_tracker2_l016,221,U8,big,,,,,
ext_tracker2_l017,221,U8,big,,,,,
ext_tracker2_l018,221,U8,big,,,,,
ext_tracker2_l019,221,U8,big,,,,,
ext_tracker2_l020,221,U8,big,,,,,
ext_tracker2_l021,221,U8,big,,,,,
ext_tracker2_l022,221,U8,big,,,,,
ext_tracker2_l023,221,U8,big,,,,,
ext_tracker2_l024,221,U8,big,,,,,
ext_tracker2_l025,221,U8,big,,,,,
ext_tracker2_l026,221,U8,big,,,,,
ext_tracker2_l027,221,U8,big,,,,,
ext_tracker2_l028,221,U8,big,,,,,
ext_tracker2_l029,221,U8,big,,,,,
ext_tracker2_l030,221,U8,big,,,,,
ext_tracker2_l031,221,U8,big,,,,,
ext_tracker2_l032,221,U8,big,,,,,
ext_tracker2_cmd_status,221,D8,big,,,,,
ext_tracker2_cmd_reject_status,221,D8,big,,,,,
ext_tracker2_cmd_accept_count,221,U8,big,,,,,
ext_tracker2_cmd_reject_count,221,U8,big,,,,,
ext_tracker2_last_acc_cmd_bytes1,221,U8,big,,,,,
ext_tracker2_last_acc_cmd_bytes2,221,U8,big,,,,,
ext_tracker2_last_acc_cmd_bytes3,221,U8,big,,,,,
ext_tracker2_last_acc_cmd_bytes4,221,U8,big,,,,,
ext_tracker2_last_acc_cmd_bytes5,221,U8,big,,,,,
ext_tracker2_last_acc_cmd_bytes6,221,U8,big,,,,,
ext_tracker2_last_acc_cmd_bytes7,221,U8,big,,,,,
ext_tracker2_last_acc_cmd_bytes8,221,U8,big,,,,,
ext_tracker2_last_rej_cmd_bytes1,221,U8,big,,,,,
ext_tracker2_last_rej_cmd_bytes2,221,U8,big,,,,,
ext_tracker2_last_rej_cmd_bytes3,221,U8,big,,,,,
ext_tracker2_last_rej_cmd_bytes4,221,U8,big,,,,,
ext_tracker2_last_rej_cmd_bytes5,221,U8,big,,,,,
ext_tracker2_last_rej_cmd_bytes6,221,U8,big,,,,,
ext_tracker2_last_rej_cmd_bytes7,221,U8,big,,,,,
ext_tracker2_last_rej_cmd_bytes8,221,U8,big,,,,,
ext_tracker2_software_version1,221,U32,big,,,,,
ext_tracker2_software_version2,221,U32,big,,,,,
ext_tracker2_hardware_version,221,U32,big,,,,,
ext_tracker2_counts_per_sec,221,U32,big,,,,,
ext_tracker2_hr_run_count,221,U32,big,,,,,
ext_tracker2_hr_time_usec,221,U32,big,,,,,
ext_tracker2_cycles_since_pps,221,U32,big,,,,,
ext_tracker2_hr_exec_time_ms1,221,U8,big,,,,,
ext_tracker2_hr_exec_time_ms2,221,U8,big,,,,,
ext_tracker2_hr_exec_time_ms3,221,U8,big,,,,,
ext_tracker2_hr_exec_time_ms4,221,U8,big,,,,,
ext_tracker2_hr_exec_time_ms5,221,U8,big,,,,,
ext_tracker2_clock_sync_enable,221,U8,big,,,,,
ext_tracker2_voltage_5p0,221,U8,big,0,0.025,0,0,0
ext_tracker2_voltage_3p3,221,U8,big,0,0.015,0,0,0
ext_tracker2_voltage_2p5,221,U8,big,0,0.015,0,0,0
ext_tracker2_voltage_1p8,221,U8,big,0,0.015,0,0,0
ext_tracker2_voltage_1p0,221,U8,big,0,0.015,0,0,0
ext_tracker2_det_temp,221,I8,big,0,0.8,0,0,0
ext_tracker2_length32,221,U32,big,,,,,
ext_tracker2_offset32,221,U32,big,,,,,
ext_tracker2_checksum,221,U16,big,,,,,
ext_tracker2_table_upload_status,221,D8,big,,,,,
ext_tracker2_which_table,221,U8,big,,,,,
ext_tracker2_image,221,U8,big,,,,,
ext_tracker2_flash_burn_armed,221,U8,big,,,,,
,221,U8,big,,,,,
,221,U16,big,,,,,
CCSDS_Header_1_APID,206,U16,little,,,,,
CCSDS_Header_2_Seq,206,U16,little,,,,,
PKT_LEN,206,U16,little,,,,,
SHCOARSE,206,U32,big,,,,,
SHFINE,206,U16,big,,,,,
rw_drive_theta_err1,206,I16,big,0,0.001,0,0,0
rw_drive_theta_err2,206,I16,big,0,0.001,0,0,0
rw_drive_theta_err3,206,I16,big,0,0.001,0,0,0
rw_drive_theta_err4,206,I16,big,0,0.001,0,0,0
rw_drive_drag_est1,206,I16,big,0,0.01,0,0,0
rw_drive_drag_est2,206,I16,big,0,0.01,0,0,0
rw_drive_drag_est3,206,I16,big,0,0.01,0,0,0
rw_drive_drag_est4,206,I16,big,0,0.01,0,0,0
rw_drive_obs_angle_residual1,206,I16,big,0,0.00025,0,0,0
rw_drive_obs_angle_residual2,206,I16,big,0,0.00025,0,0,0
rw_drive_obs_angle_residual3,206,I16,big,0,0.00025,0,0,0
rw_drive_obs_angle_residual4,206,I16,big,0,0.00025,0,0,0
rw_drive_filtered_speed_rpm_161,206,I16,big,0,0.4,0,0,0
rw_drive_filtered_speed_rpm_162,206,I16,big,0,0.4,0,0,0
rw_drive_filtered_speed_rpm_163,206,I16,big,0,0.4,0,0,0
rw_drive_filtered_speed_rpm_164,206,I16,big,0,0.4,0,0,0
rw_drive_speed_cmd_rpm_161,206,I16,big,0,0.4,0,0,0
rw_drive_speed_cmd_rpm_162,206,I16,big,0,0.4,0,0,0
rw_drive_speed_cmd_rpm_163,206,I16,big,0,0.4,0,0,0
rw_drive_speed_cmd_rpm_164,206,I16,big,0,0.4,0,0,0
rw_drive_torque_command1,206,I32,big,0,0,0,0,0
rw_drive_torque_command2,206,I32,big,0,0.00000001,0,0,0
rw_drive_torque_command3,206,I32,big,0,0.00000001,0,0,0
rw_drive_torque_command4,206,I32,big,0,0.00000001,0,0,0
rw_drive_meas_wheel_current1,206,I16,big,0,0.001,0,0,0
rw_drive_meas_wheel_current2,206,I16,big,0,0.001,0,0,0
rw_drive_meas_wheel_current3,206,I16,big,0,0.001,0,0,0
rw_drive_meas_wheel_current4,206,I16,big,0,0.001,0,0,0
rw_drive_rw_time,206,U32,big,,,,,
rw_drive_pwm_counts1,206,U32,big,,,,,
rw_drive_pwm_counts2,206,U32,big,,,,,
rw_drive_pwm_counts3,206,U32,big,,,,,
rw_drive_pwm_counts4,206,U32,big,,,,,
rw_drive_pw_mcmd_ct1,206,U32,big,,,,,
rw_drive_pw_mcmd_ct2,206,U32,big,,,,,
rw_drive_pw_mcmd_ct3,206,U32,big,,,,,
rw_drive_pw_mcmd_ct4,206,U32,big,,,,,
rw_drive_motor_tach_counts1,206,U16,big,,,,,
rw_drive_motor_tach_counts2,206,U16,big,,,,,
rw_drive_motor_tach_counts3,206,U16,big,,,,,
rw_drive_motor_tach_counts4,206,U16,big,,,,,
rw_drive_sensor_cal_timer1,206,U16,big,,,,,
rw_drive_sensor_cal_timer2,206,U16,big,,,,,
rw_drive_sensor_cal_timer3,206,U16,big,,,,,
rw_drive_sensor_cal_timer4,206,U16,big,,,,,
rw_drive_operating_mode1,206,D8,big,,,,,
rw_drive_operating_mode2,206,D8,big,,,,,
rw_drive_operating_mode3,206,D8,big,,,,,
rw_drive_operating_mode4,206,D8,big,,,,,
rw_drive_control_mode1,206,D8,big,,,,,
rw_drive_control_mode2,206,D8,big,,,,,
rw_drive_control_mode3,206,D8,big,,,,,
rw_drive_control_mode4,206,D8,big,,,,,
rw_drive_motor_fault_count1,206,U8,big,,,,,
rw_drive_motor_fault_count2,206,U8,big,,,,,
rw_drive_motor_fault_count3,206,U8,big,,,,,
rw_drive_motor_fault_count4,206,U8,big,,,,,
rw_drive_motor_hall_state1,206,U8,big,,,,,
rw_drive_motor_hall_state2,206,U8,big,,,,,
rw_drive_motor_hall_state3,206,U8,big,,,,,
rw_drive_motor_hall_state4,206,U8,big,,,,,
rw_drive_pw_menable1,206,D8,big,,,,,
rw_drive_pw_menable2,206,D8,big,,,,,
rw_drive_pw_menable3,206,D8,big,,,,,
rw_drive_pw_menable4,206,D8,big,,,,,
rw_drive_pw_mdirection1,206,D8,big,,,,,
rw_drive_pw_mdirection2,206,D8,big,,,,,
rw_drive_pw_mdirection3,206,D8,big,,,,,
rw_drive_pw_mdirection4,206,D8,big,,,,,
rw_drive_pw_mcmd_dir1,206,D8,big,,,,,
rw_drive_pw_mcmd_dir2,206,D8,big,,,,,
rw_drive_pw_mcmd_dir3,206,D8,big,,,,,
rw_drive_pw_mcmd_dir4,206,D8,big,,,,,
rw_drive_rw_test_mode,206,D8,big,,,,,
CCSDS_Header_1_APID,209,U16,little,,,,,
CCSDS_Header_2_Seq,209,U16,little,,,,,
PKT_LEN,209,U16,little,,,,,
SHCOARSE,209,U32,big,,,,,
SHFINE,209,U16,big,,,,,
momentum_momentum_vector_body1,209,I16,big,0,0.0002,0,0,0
momentum_momentum_vector_body2,209,I16,big,0,0.0002,0,0,0
momentum_momentum_vector_body3,209,I16,big,0,0.0002,0,0,0
momentum_total_momentum_mag,209,U16,big,0,0.0005,0,0,0
momentum_wheel_momentum_body1,209,I16,big,0,0.0002,0,0,0
momentum_wheel_momentum_body2,209,I16,big,0,0.0002,0,0,0
momentum_wheel_momentum_body3,209,I16,big,0,0.0002,0,0,0
momentum_bus_momentum_body1,209,I16,big,0,0.0002,0,0,0
momentum_bus_momentum_body2,209,I16,big,0,0.0002,0,0,0
momentum_bus_momentum_body3,209,I16,big,0,0.0002,0,0,0
momentum_cmd_momentum_inertial1,209,I16,big,0,0.000002,0,0,0
momentum_cmd_momentum_inertial2,209,I16,big,0,0.000002,0,0,0
momentum_cmd_momentum_inertial3,209,I16,big,0,0.000002,0,0,0
momentum_duty_cycle1,209,I8,big,,,,,
momentum_duty_cycle2,209,I8,big,,,,,
momentum_duty_cycle3,209,I8,big,,,,,
momentum_cycle_avg_magnet_torque1,209,I16,big,0,0.00000002,0,0,0
momentum_cycle_avg_magnet_torque2,209,I16,big,0,0.00000002,0,0,0
momentum_cycle_avg_magnet_torque3,209,I16,big,0,0.00000002,0,0,0
momentum_torque_rod_mode1,209,D8,big,,,,,
momentum_torque_rod_mode2,209,D8,big,,,,,
momentum_torque_rod_mode3,209,D8,big,,,,,
momentum_mag_source_setting,209,D8,big,,,,,
momentum_mag_source_used,209,D8,big,,,,,
momentum_momentum_vector_valid,209,D8,big,,,,,
momentum_momentum_vector_enabled,209,D8,big,,,,,
momentum_use_wheel_momenta,209,D8,big,,,,,
momentum_torque_rod_enable1,209,D8,big,,,,,
momentum_torque_rod_enable2,209,D8,big,,,,,
momentum_torque_rod_enable3,209,D8,big,,,,,
momentum_torque_rod_direction1,209,D8,big,,,,,
momentum_torque_rod_direction2,209,D8,big,,,,,
momentum_torque_rod_direction3,209,D8,big,,,,,
,209,U8,big,,,,,
,209,U16,big,,,,,
CCSDS_Header_1_APID,210,U16,little,,,,,
CCSDS_Header_2_Seq,210,U16,little,,,,,
PKT_LEN,210,U16,little,,,,,
SHCOARSE,210,U32,big,,,,,
SHFINE,210,U16,big,,,,,
css_sun_vector_body1,210,I16,big,0,0.0001,0,0,0
css_sun_vector_body2,210,I16,big,0,0.0001,0,0,0
css_sun_vector_body3,210,I16,big,0,0.0001,0,0,0
css_sun_vector_status,210,D8,big,,,,,
css_num_diodes_used1,210,U8,big,,,,,
css_num_diodes_used2,210,U8,big,,,,,
css_num_diodes_used3,210,U8,big,,,,,
css_num_diodes_used4,210,U8,big,,,,,
css_raw_sun_sensor_data1,210,U16,big,,,,,
css_raw_sun_sensor_data2,210,U16,big,,,,,
css_raw_sun_sensor_data3,210,U16,big,,,,,
css_raw_sun_sensor_data4,210,U16,big,,,,,
css_raw_sun_sensor_data5,210,U16,big,,,,,
css_raw_sun_sensor_data6,210,U16,big,,,,,
css_raw_sun_sensor_data7,210,U16,big,,,,,
css_raw_sun_sensor_data8,210,U16,big,,,,,
css_raw_sun_sensor_data9,210,U16,big,,,,,
css_raw_sun_sensor_data10,210,U16,big,,,,,
css_raw_sun_sensor_data11,210,U16,big,,,,,
css_raw_sun_sensor_data12,210,U16,big,,,,,
css_raw_sun_sensor_data13,210,U16,big,,,,,
css_raw_sun_sensor_data14,210,U16,big,,,,,
css_raw_sun_sensor_data15,210,U16,big,,,,,
css_raw_sun_sensor_data16,210,U16,big,,,,,
css_sun_vector_enabled,210,D8,big,,,,,
css_sun_sensor_used,210,U8,big,,,,,
css_css_test_mode,210,D8,big,,,,,
pad0,210,U8,big,,,,,
CCSDS_Header_1_APID,211,U16,little,,,,,
CCSDS_Header_2_Seq,211,U16,little,,,,,
PKT_LEN,211,U16,little,,,,,
SHCOARSE,211,U32,big,,,,,
SHFINE,211,U16,big,,,,,
mag_mag_vector_body1,211,I16,big,0,0.000000005,0,0,0
mag_mag_vector_body2,211,I16,big,0,0.000000005,0,0,0
mag_mag_vector_body3,211,I16,big,0,0.000000005,0,0,0
mag_raw_magnetometer_data1,211,U16,big,,,,,
mag_raw_magnetometer_data2,211,U16,big,,,,,
mag_raw_magnetometer_data3,211,U16,big,,,,,
mag_raw_magnetometer_data4,211,U16,big,,,,,
mag_raw_magnetometer_data5,211,U16,big,,,,,
mag_raw_magnetometer_data6,211,U16,big,,,,,
mag_raw_magnetometer_data7,211,U16,big,,,,,
mag_raw_magnetometer_data8,211,U16,big,,,,,
mag_raw_magnetometer_data9,211,U16,big,,,,,
mag_raw_magnetometer_data10,211,U16,big,,,,,
mag_raw_magnetometer_data11,211,U16,big,,,,,
mag_raw_magnetometer_data12,211,U16,big,,,,,
mag_raw_magnetometer_data13,211,U16,big,,,,,
mag_raw_magnetometer_data14,211,U16,big,,,,,
mag_raw_magnetometer_data15,211,U16,big,,,,,
mag_mag_vector_valid,211,D8,big,,,,,
mag_mag_sensor_used,211,U8,big,,,,,
mag_mag_test_mode,211,D8,big,,,,,
,211,U8,big,,,,,
CCSDS_Header_1_APID,200,U16,little,,,,,
CCSDS_Header_2_Seq,200,U16,little,,,,,
PKT_LEN,200,U16,little,,,,,
SHCOARSE,200,U32,big,,,,,
SHFINE,200,U16,big,,,,,
command_tlm_cmd_status,200,D8,big,,,,,
command_tlm_cmd_reject_status,200,D8,big,,,,,
command_tlm_cmd_accept_count,200,U8,big,,,,,
command_tlm_cmd_reject_count,200,U8,big,,,,,
command_tlm_last_acc_cmd_bytes1,200,U8,big,,,,,
command_tlm_last_acc_cmd_bytes2,200,U8,big,,,,,
command_tlm_last_acc_cmd_bytes3,200,U8,big,,,,,
command_tlm_last_acc_cmd_bytes4,200,U8,big,,,,,
command_tlm_last_acc_cmd_bytes5,200,U8,big,,,,,
command_tlm_last_acc_cmd_bytes6,200,U8,big,,,,,
command_tlm_last_acc_cmd_bytes7,200,U8,big,,,,,
command_tlm_last_acc_cmd_bytes8,200,U8,big,,,,,
command_tlm_last_rej_cmd_bytes1,200,U8,big,,,,,
command_tlm_last_rej_cmd_bytes2,200,U8,big,,,,,
command_tlm_last_rej_cmd_bytes3,200,U8,big,,,,,
command_tlm_last_rej_cmd_bytes4,200,U8,big,,,,,
command_tlm_last_rej_cmd_bytes5,200,U8,big,,,,,
command_tlm_last_rej_cmd_bytes6,200,U8,big,,,,,
command_tlm_last_rej_cmd_bytes7,200,U8,big,,,,,
command_tlm_last_rej_cmd_bytes8,200,U8,big,,,,,
CCSDS_Header_1_APID,50,U16,little,,,,,
CCSDS_Header_2_Seq,50,U16,little,,,,,
PKT_LEN,50,U16,little,,,,,
SHCOARSE,50,U32,big,,,,,
SHFINE,50,U16,big,,,,,
soh_fc,50,U8,big,,,,,
soh_time_tag,50,U32,big,,,,,
soh_counter,50,U32,big,,,,,
soh_cmd_status,50,U32,big,,,,,
soh_err_check,50,U8,big,,,,,
soh_apu_temp,50,U16,big,0,0.007812,0,0,0
soh_dcu_temp,50,U16,big,0,0.007812,0,0,0
soh_pmu_temp,50,U16,big,0,0.007812,0,0,0
soh_reserved,50,U8,big,,,,,
soh_crc,50,U8,big,,,,,
CCSDS_Header_1_APID,48,U16,little,,,,,
CCSDS_Header_2_Seq,48,U16,little,,,,,
PKT_LEN,48,U16,little,,,,,
SHCOARSE,48,U32,big,,,,,
SHFINE,48,U16,big,,,,,
sci_fc,48,U8,big,,,,,
sci_time_tag,48,U32,big,,,,,
sci_counter,48,U32,big,,,,,
sci_cmd_status,48,U32,big,,,,,
sci_err_check,48,U8,big,,,,,
sci_apu_temp,48,U16,big,0,0.007812,0,0,0
sci_dcu_temp,48,U16,big,0,0.007812,0,0,0
sci_pmu_temp,48,U16,big,0,0.007812,0,0,0
sci_reserved,48,U8,big,,,,,
sci_data1,48,U1672,big,,,,,
CCSDS_Header_1_APID,49,U16,little,,,,,
CCSDS_Header_2_Seq,49,U16,little,,,,,
PKT_LEN,49,U16,little,,,,,
SHCOARSE,49,U32,big,,,,,
SHFINE,49,U16,big,,,,,
sci_data2,49,U376,big,,,,,
sci_crc,49,U8,big,,,,,
CCSDS_Header_1_APID,176,U16,little,,,,,
CCSDS_Header_2_Seq,176,U16,little,,,,,
PKT_LEN,176,U16,little,,,,,
SHCOARSE,176,U32,big,,,,,
SHFINE,176,U16,big,,,,,
log_CDHState_Sci_All,176,U8,big,,,,,
log_CmdLastOpcode_Sci_All,176,U8,big,,,,,
log_CmdLastStatus_Sci_All,176,U16,big,,,,,
log_CmdAcceptCnt_Sci_All,176,U16,big,,,,,
log_CmdRejectCnt_Sci_All,176,U16,big,,,,,
log_ParamSetHdr_Sci_All,176,U16,big,,,,,
log_cdhEnables,176,U16,big,,,,,
log_cdhTemp,176,U16,big,,,,,
log_sps_sum_rate,176,U16,big,,,,,
log_sps_x,176,U16,big,,,,,
log_sps_y,176,U16,big,,,,,
log_x_fast,176,U16,big,,,,,
log_x_slow,176,U16,big,,,,,
log_x_accum,176,U32,big,,,,,
log_x_temp,176,U16,big,,,,,
log_spare,176,U16,big,,,,,
log_msg,176,C640,big,,,,,
log_check,176,U16,big,,,,,
CCSDS_Header_1_APID,178,U16,little,,,,,
CCSDS_Header_2_Seq,178,U16,little,,,,,
PKT_LEN,178,U16,little,,,,,
SHCOARSE,178,U32,big,,,,,
SHFINE,178,U16,big,,,,,
sci_cdh_info,178,U8,big,,,,,
sci_cmd_opcode,178,U8,big,,,,,
sci_cmd_status,178,D16,big,,,,,
sci_cmd_acpt_count,178,U16,big,,,,,
sci_cmd_rjct_count,178,U16,big,,,,,
sci_param_set_header,178,U16,big,,,,,
sci_SparesEnabled1,178,U8,big,,,,,
sci_SparesEnabled2,178,U8,big,,,,,
sci_sw_version,178,U8,big,,,,,
sci_patch_version,178,U8,big,,,,,
sci_lockout_timeout,178,U16,big,,,,,
sci_inst_htr_set,178,I16,big,,,,,
sci_time_offset,178,U32,big,,,,,
sci_batt_v1,178,U16,big,0,0.01638,0,0,0
sci_batt_v2,178,U16,big,0,0.008191,0,0,0
sci_5v,178,U16,big,0,0.01638,0,0,0
sci_3v,178,U16,big,0,0.01638,0,0,0
sci_cdh_temp,178,U16,big,0,0.003906,0,0,0
sci_i2c_err,178,U16,big,,,,,
sci_rtc_err,178,U16,big,,,,,
sci_spi_sd_err,178,U16,big,,,,,
sci_uart1_err,178,U16,big,,,,,
sci_uart2_err,178,U16,big,,,,,
sci_uart3_err,178,U16,big,,,,,
sci_uart4_err,178,U16,big,,,,,
sci_mb_temp1,178,U16,big,0,0.003906,0,0,0
sci_mb_temp2,178,U16,big,0,0.003906,0,0,0
sci_eps_temp1,178,U16,big,0,0.003906,0,0,0
sci_eps_temp2,178,U16,big,0,0.003906,0,0,0
sci_bat_curr,178,U16,big,0,0.499877,0,0,0
sci_bat_volt,178,U16,big,0,0.001,0,0,0
sci_3v_curr,178,U16,big,0,0.499877,0,0,0
sci_3v_volt,178,U16,big,0,0.001,0,0,0
sci_5v_curr,178,U16,big,0,0.499877,0,0,0
sci_5v_volt,178,U16,big,0,0.001,0,0,0
sci_pico_sim_temp,178,I8,big,,,,,
sci_pico_sim_temp_dummy,178,I8,big,,,,,
sci_sps_board_temp,178,U16,big,,,,,
sci_sps_sum,178,U32,big,,,,,
sci_sps_xpos,178,U16,big,,,,,
sci_sps_ypos,178,U16,big,,,,,
sci_spares,178,U32,big,,,,,
sci_pico_sim_int_time,178,U16,big,0,2.8,0,0,0
sci_pico_sim_data1,178,U24,big,,,,,
sci_pico_sim_num1,178,U8,big,,,,,
sci_pico_sim_data2,178,U24,big,,,,,
sci_pico_sim_num2,178,U8,big,,,,,
sci_pico_sim_data3,178,U24,big,,,,,
sci_pico_sim_num3,178,U8,big,,,,,
sci_pico_sim_data4,178,U24,big,,,,,
sci_pico_sim_num4,178,U8,big,,,,,
sci_pico_sim_data5,178,U24,big,,,,,
sci_pico_sim_num5,178,U8,big,,,,,
sci_pico_sim_data6,178,U24,big,,,,,
sci_pico_sim_num6,178,U8,big,,,,,
sci_sps_data1,178,U16,big,,,,,
sci_sps_data2,178,U16,big,,,,,
sci_sps_data3,178,U16,big,,,,,
sci_sps_data4,178,U16,big,,,,,
sci_sps_int_time,178,U16,big,,,,,
sci_x123_fast_count,178,U32,big,,,,,
sci_x123_slow_count,178,U32,big,,,,,
sci_x123_gp_count,178,U32,big,,,,,
sci_x123_accum_time,178,U32,big,,,,,
sci_x123_live_time,178,U32,big,,,,,
sci_x123_real_time,178,U32,big,,,,,
sci_x123_hv,178,I16,big,0,0.5,0,0,0
sci_x123_det_temp,178,U16,big,0,0.1,0,0,0
sci_x123_brd_temp,178,I8,big,,,,,
sci_x123_flags1,178,U8,big,,,,,
sci_x123_flags2,178,U8,big,,,,,
sci_x123_flags3,178,U8,big,,,,,
sci_x123_read_err,178,U8,big,,,,,
sci_x123_radio_active,178,U8,big,,,,,
sci_x123_write_err,178,U8,big,,,,,
sci_x123_spare_err,178,U8,big,,,,,
sci_x123_cmp_info,178,U16,big,,,,,
sci_x123_spect_len,178,U16,big,,,,,
sci_x123_group_count,178,U16,big,,,,,
sci_first_data,178,U624,big,,,,,
sci_chksm,178,U16,big,,,,,
CCSDS_Header_1_APID,54,U16,little,,,,,
CCSDS_Header_2_Seq,54,U16,little,,,,,
PKT_LEN,54,U16,little,,,,,
SHCOARSE,54,U32,big,,,,,
SHFINE,54,U16,big,,,,,
l0_hw_sec,54,U8,big,,,,,
l0_rjct_count,54,U8,big,,,,,
l0_acpt_count,54,U8,big,,,,,
l0_8bit_word,54,U8,big,,,,,
l0_adc_hvbus,54,U16,big,,,,,
l0_adc_lvbus,54,U16,big,,,,,
l0_adc_1p8_v,54,U16,big,,,,,
l0_adc_2p5_v,54,U16,big,,,,,
l0_adc_det_temp,54,U16,big,,,,,
l0_adc_1p0_v,54,U16,big,,,,,
l0_adc_flsh_pwr,54,U16,big,,,,,
l0_adc_box_temp,54,U16,big,,,,,
l0_cmd_time,54,U32,big,,,,,
l0_boot_sel,54,D32,big,,,,,
l0_sync,54,U32,big,,,,,
